
[
    {
        "id":"Am6F",
        "content": "hola",
        "metadata": {
            "time":"2019-04-17 05:20:37", 
            "sender": "franke", 
            "receiver": "Anheuser-Busch Inbev SA"
        } 
    },
    {   "id": "Akj9A24F",
        "content": "Hola",
        "metadata": {
        "time": "2019-06-18 07:20:37",
        "sender": "Willy",
        "receiver": "Anheuser-Busch Inbev SA"
        }
    },
    {   "id": "uwu987J2F",
        "content": "afirmativo",
        "metadata": {
        "time": "2019-06-18 07:20:37",
        "sender": "Antonio",
        "receiver": "Anheuser-Busch Inbev SA"
        }
    },
    {   "id": "AAAH87JJ2F",
        "content": "Hola, ya te mandé los archivos correspondientes, estamos hablando",
        "metadata": {
        "time": "",
        "sender": "",
        "receiver": ""
        }
    }
]

